{"scores":{"644366811059585025":{"username":"druuuu#3879","points":2,"transactions":{"ethannn#0065":2}},"779988412697542676":{"username":"Onion Has Eeyo#6151","points":27,"transactions":{"foilfence#9170":1,"Genøcide#6220":2,"jzn#2636":1,"Kobisan#6444":1,"vianlucam#7703":1,"Akda#4658":1,"YunnY#1696":1,"Adonis#0277":2,"zer02oo#8161":1,"Jeyo#8022":1,"JIBUUU#4340":1,"phil_s#9465":1,"Tsundere#3793":1,"Yer#0633":1,"keywayelih#2658":1,"jpm#4150":1,"2iiyo#4986":1,"jellyace#5162":1,"nornlaker#7682":1,"lesterLL#0389":1,"Fall#5558":1,"Cotton#3036":1,"Михаи́л#7094":1,"Potato fiend#7443":1,"Mogwin#8513":1}},"821161133947617310":{"username":"ethannn#0065","points":2,"transactions":{"druuuu#3879":1,"kani#5652":1}},"753219801404407869":{"username":"mariaaaaa#4258","points":1,"transactions":{"Patch#0003":1}},"256032759905124355":{"username":"flinchaga#3516","points":3,"transactions":{"FindAd3s#4109":1,"dumbothedog#2798":1,"Shimizu#6436":1}},"754232575051956285":{"username":"phil_s#9465","points":14,"transactions":{"ivTempo#4566":1,"magik#4742":1,"Yuka#8311":2,"migfernando#2194":1,"chii#4186":1,"San Hol0#9204":1,"Onion Has Eeyo#6151":1,"AlphaHesus#7644":1,"rua#7748":1,"Zaneox#5097":1,"firstAidkit#3806":1,"Yer#0633":1,"charmeepad#2020":1}},"273995152559964161":{"username":"FindAd3s#4109","points":4,"transactions":{"flinchaga#3516":1,"BokChoy#1990":1,"Adamsilog#3491":1,"Adonis#0277":1}},"304549350455902208":{"username":"ivTempo#4566","points":3,"transactions":{"phil_s#9465":1,"Sam Buddy#8222":1,"Spark#3977":1}},"324994070281715714":{"username":"pOghma#0563","points":17,"transactions":{"buonjiornuh#4460":1,"Layton#8061":1,"San Hol0#9204":1,"FoxyWoxie#9676":1,"Jebe#3635":2,"shinsha#9843":1,"tofuuusisig#4978":1,"kenjikeys#7199":1,"doctorbill#2369":1,"Laosanity#2669":1,"Ｐ Ｅ Ｒ Ｓ Ｅ Ｕ Ｓ#7027":1,"SaintAlia#7720":1,"vanilla#9047":1,"Tophrii#0192":1,"Deleted User#0000":1,"N A N I | M A R K#2173":1}},"772490923937759234":{"username":"dpdelacruz#5689","points":6,"transactions":{"BanTheChiang#0504":1,"MegaHurtzz#0736":1,"borgirrrr!#5652":1,"Brylegna#4050":1,"mekakiboo#1262":1,"cyrus | WHERE'S THE LAMB SAUCE??#7461":1}},"466768062490869790":{"username":"BanTheChiang#0504","points":10,"transactions":{"dpdelacruz#5689":1,"Shimizu#6436":1,"Juilli#8435":2,"howell#5629":1,"Kronus#3568":2,"Marty#1039":1,"peach#2987":1,"hotsows#0713":1}},"339001823895748611":{"username":"SleepingBunny#2715","points":1,"transactions":{"torrelon22#6095":1}},"437260795425062913":{"username":"BokChoy#1990","points":15,"transactions":{"ango#7599":1,"Çelsius#2698":1,"FindAd3s#4109":1,"trashpanda#4781":1,"mananggaeia#0567":1,"vianlucam#7703":1,"Doc J#0720":1,"ekko#4645":1,"KingSK_iv#3237":1,"MegaHurtzz#0736":1,"reinanii#9714":1,"migol#4733":1,"Gwynvael#9999":1,"neukkim#5620":1,"kurlie#3479":1}},"431807742244552720":{"username":"ango#7599","points":11,"transactions":{"BokChoy#1990":1,"duckdesu#1588":1,"Tonio#6480":1,"01sam#7386":1,"Bypass1337#7630":1,"Yuka#8311":1,"anya-re#7863":1,"magnumbreak#5402":1,"NotYin#4975":1,"wntrmln#0001":1,"2Dirty4Du30#3777":1}},"273292920499732480":{"username":"torrelon22#6095","points":19,"transactions":{"SleepingBunny#2715":1,"ejcm#8948":1,"Jeyo#8022":1,"peach#2987":1,"samder#8329":1,"Asian Lad#9873":1,"patbates#0995":1,"Victorique#8467":1,"Ian G#4571":1,"Joshua Rivera#4006":1,"XIV#4282":1,"[ins] Sn◎Øze 𓂀 |  tD#8888":1,"Zaneox#5097":1,"mekakiboo#1262":1,"jlyn | where are my artisans?#0261":1,"shifty#0975":1,"Genie#6347":1,"Xifi.1923#1412":1,"Antwan#8916":1}},"695976956507979797":{"username":"✿ asapmon ✿#4512","points":1,"transactions":{"artyom#8242":1}},"159551336445116416":{"username":"artyom#8242","points":6,"transactions":{"✿ asapmon ✿#4512":1,"doctorbill#2369":1,"carlo#9645":1,"benedict#9292":1,"donyel#7665":1,"siaoru#5412":1}},"278873479053443072":{"username":"MegaHurtzz#0736","points":9,"transactions":{"dpdelacruz#5689":1,"JL#5704":1,"Adamsilog#3491":1,"ZaravelB#3870":1,"BokChoy#1990":1,"JIBUUU#4340":1,"V N C#7837":1,"tz#8142":1,"Xifi.1923#1412":1}},"480754906505150505":{"username":"Abaelos#1318","points":1,"transactions":{"buonjiornuh#4460":1}},"155933974265331712":{"username":"Layton#8061","points":1,"transactions":{"pOghma#0563":1}},"439698292662599681":{"username":"buonjiornuh#4460","points":6,"transactions":{"Abaelos#1318":1,"patbates#0995":1,"Mashumu#1337":1,"ejcm#8948":1,"Bertorotoro#8902":1,"pOghma#0563":1}},"349056828371501060":{"username":"Genøcide#6220","points":7,"transactions":{"Onion Has Eeyo#6151":2,"23_SGZ#1572":1,"Safuman#4345":1,"keywayelih#2658":1,"miguel2311123#1722":1,"JIBUUU#4340":1}},"688775761959583903":{"username":"mekakiboo#1262","points":39,"transactions":{"vianlucam#7703":2,"Aori#2395":1,"dciruela#4926":1,"9596#8864":1,"PreatomicPoem#5784":1,"borgirrrr!#5652":1,"Brylegna#4050":1,"miguel2311123#1722":1,"Catsy#0222":2,"dpdelacruz#5689":1,"xtrm5nrg#7518":1,"patmeal#6464":1,"Rumorgim#1102":1,"Mali#2429":1,"cyrus | WHERE'S THE LAMB SAUCE??#7461":2,"Sterklip#9156":1,"Igniter`#0001":1,"Thirsty#5728":1,"bambam#6283":1,"Trigger#6180":1,"howell#5629":1,"SaintAlia#7720":1,"𝓔𝔂𝓪𝓱𝓱𝓱#1732":1,"Yuka#8311":1,"Geyla#5342":1,"BigPoppa#4257":1,"Akda#4658":1,"mmmmmm#7905":1,"zev#3528":1,"Genie#6347":1,"asher#1631":1,"torrelon22#6095":1,"Jwalking#2684":1,"anya-re#7863":1,"Ewik#5527":2}},"742028340805894265":{"username":"migol#4733","points":11,"transactions":{"Trigger#6180":1,"realJames#4182":1,"Kurdt#7477":1,"Vicks Sotto#3316":1,"ARF#3654":1,"peach#2987":1,"bertsilog#5142":1,"PreatomicPoem#5784":1,"dumbothedog#2798":1,"BokChoy#1990":1,"Jebe#3635":1}},"589820526260650045":{"username":"Trigger#6180","points":9,"transactions":{"migol#4733":1,"yohan#2821":1,"per.cyyy#5114":1,"villy#2858":1,"Jisun#0020":1,"butter#7837":2,"donyel#7665":1,"mekakiboo#1262":1}},"352811587276636161":{"username":"Shimizu#6436","points":19,"transactions":{"BanTheChiang#0504":1,"duckdesu#1588":1,"Edward#1203":1,"burjerking#8892":1,"pyritenotgold#2097":1,"Deviculus#1014":1,"dandy505#7947":1,"doctorbill#2369":1,"kkh#2923":1,"Ｐ Ｅ Ｒ Ｓ Ｅ Ｕ Ｓ#7027":1,"ThiccThor#8335":1,"flinchaga#3516":1,"Tonio#6480":1,"bepis#7964":1,"AlcoholicBabyRage#9492":1,"NayutaXKai#2947":1,"AA—#3968":1,"Safuman#4345":1,"Dreed#9821":1}},"985095867264536577":{"username":"yohan#2821","points":5,"transactions":{"Arevir#1065":1,"tofuuusisig#4978":2,"Trigger#6180":2}},"744601922845016114":{"username":"tofuuusisig#4978","points":11,"transactions":{"yohan#2821":1,"Arevir#1065":1,"patmeal#6464":1,"ethannn#0065":1,"Jisun#0020":1,"pOghma#0563":1,"doctorbill#2369":1,"Ddy#5245":1,"kieran#9984":1,"Ｐ Ｅ Ｒ Ｓ Ｅ Ｕ Ｓ#7027":1,"samder#8329":1}},"851070644757856286":{"username":"per.cyyy#5114","points":1,"transactions":{"Trigger#6180":1}},"283257744818044930":{"username":"Çelsius#2698","points":4,"transactions":{"BokChoy#1990":1,"Sam Buddy#8222":1,"Abats#1437":1,"Adamsilog#3491":1}},"134999223463575553":{"username":"vanilla#9047","points":1,"transactions":{"Jebe#3635":1}},"931032032744710177":{"username":"San Hol0#9204","points":5,"transactions":{"pOghma#0563":1,"MP#9753":1,"phil_s#9465":1,".Levin#0947":1,"charmeepad#2020":1}},"398483031100489731":{"username":"PreatomicPoem#5784","points":5,"transactions":{"jzn#2636":1,"firstAidkit#3806":2,"migol#4733":1,"mekakiboo#1262":1}},"587180466029723648":{"username":"jzn#2636","points":6,"transactions":{"PreatomicPoem#5784":1,"Adonis#0277":1,"Onion Has Eeyo#6151":1,"peach#2987":1,"Vicks Sotto#3316":1,"CSamoy#2518":1}},"722105271215718400":{"username":"Vergil#1994","points":1,"transactions":{"Juilli#8435":1}},"291943493675253761":{"username":"Juilli#8435","points":9,"transactions":{"Vergil#1994":1,"BanTheChiang#0504":2,"Arevir#1065":1,"ExtraGravy#6910":1,"Brylegna#4050":1,"Tricio#0753":1,"Zaffre~#6439":1,"Input Universe | Takoland#5697":1}},"470165108836925443":{"username":"Jebe#3635","points":5,"transactions":{"vanilla#9047":1,"pOghma#0563":2,"wakkeen#1189":1,"migol#4733":1}},"285759836409298945":{"username":"Ae~Gaeul#6470","points":1,"transactions":{"Rx003#9276":1}},"280443874865053697":{"username":"Rx003#9276","points":2,"transactions":{"Ae~Gaeul#6470":1,"Mr. Umami#4069":1}},"329281967533195264":{"username":"Sam Buddy#8222","points":26,"transactions":{"ivTempo#4566":1,"Çelsius#2698":1,"Abats#1437":1,"Catsy#0222":1,"sully#9699":1,"mananggaeia#0567":1,"pypy#9920":2,"koon#1084":1,"duckdesu#1588":1,"törtoise#5941":1,"Doc J#0720":1,"Astra#4568":1,"rua#7748":1,"dumbothedog#2798":1,"OctaneMafia#9211":1,"zev#3528":1,"Rise#0348":1,"Gwynvael#9999":1,"Hackd0G#5996":1,"Ian G#4571":1,"Михаи́л#7094":1,"siaoru#5412":1,"tz#8142":1,"Khairon#3211":1,"ed#4131":1}},"403711146135257099":{"username":"Arevir#1065","points":8,"transactions":{"vianlucam#7703":1,"Gen987#2051":1,"Tophrii#0192":1,"tofuuusisig#4978":1,"borgirrrr!#5652":1,"jpm#4150":1,"Adamsilog#3491":1,"Juilli#8435":1}},"694199878842056705":{"username":"Adonis#0277","points":53,"transactions":{"Yuka#8311":2,"jzn#2636":1,"Jisun#0020":1,"eldeymson#1064":1,"dudung#0633":1,"Gen987#2051":1,"Aethera#5620":1,"dumbothedog#2798":1,"koon#1084":1,"sayowan#6070":1,"FindAd3s#4109":1,"Mashumu#1337":1,"Bypass1337#7630":1,"kenjikeys#7199":1,"doctorbill#2369":3,".Levin#0947":3,"charmeepad#2020":1,"howell#5629":1,"Tophrii#0192":1,"WCYD#9212":1,"PaoPaoTheOloap#9999":1,"Onion Has Eeyo#6151":2,"Keeko#2633":1,"Dookie#3058":1,"oyeblue#4531":1,"N A N I | M A R K#2173":1,"Hikchi#0883":1,"BanTheChiang#0504":1,"Euimey#1808":1,"kani#5652":1,"edosma#8241":1,"Cerasis#6969":1,"2Dirty4Du30#3777":1,"MKB_Usagi#7777":1,"carlo#9645":2,"kukihime#4588":1,"kalabull#0311":1,"Edward G.#9724":1,"CaffeinatedKeys#3122":1,"anya-re#7863":1,"Kronus#3568":1,"kyle#7936":1,"Kazumi#2480":1,"Potato fiend#7443":1,"ed#4131":1,"NotYin#4975":1}},"349507939851042817":{"username":"Yuka#8311","points":13,"transactions":{"Adonis#0277":2,"phil_s#9465":2,"dudung#0633":1,"JIBUUU#4340":1,"jikei#1234":2,"benedict#9292":1,"Adolf the White#8954":1,"mekakiboo#1262":1,"ango#7599":1,"V N C#7837":1}},"396211841295974401":{"username":"Gen987#2051","points":5,"transactions":{"Arevir#1065":1,"PaoPaoTheOloap#9999":1,"koon#1084":1,"Adonis#0277":1,"carlo#9645":1}},"224873039366455296":{"username":"Adamsilog#3491","points":13,"transactions":{"Abats#1437":1,"Çelsius#2698":1,"howell#5629":1,"FindAd3s#4109":1,"Babygirl#0008":1,"Arevir#1065":1,"MegaHurtzz#0736":1,"Griffin#5687":1,"keywayelih#2658":1,"miloo#8635":1,"carlo#9645":1,"Ö10#1499":1,"dendo#8569":1}},"376001737720332291":{"username":"Abats#1437","points":25,"transactions":{"Adamsilog#3491":1,"donyel#7665":2,"Çelsius#2698":1,"augustus#7744":1,"Sam Buddy#8222":1,"doctorbill#2369":4,"Griffin#5687":1,".Levin#0947":1,"Jufs#3340":1,"tr0yr0x#6355":1,"Arkansass#0913":1,"Keeko#2633":1,"dei#2789":1,"Doc J#0720":1,"DEV_428#6278":1,"Reverb#6257":1,"Mashumu#1337":1,"jellyace#5162":1,"cyrus | WHERE'S THE LAMB SAUCE??#7461":2,"dreyz#0001":1}},"748950734178877501":{"username":"Rantabi | zionstudios.ph#3883","points":3,"transactions":{"rua#7748":1,"Brylegna#4050":1,"Jaester#4953":1}},"862534158936047666":{"username":"rua#7748","points":9,"transactions":{"Rantabi | zionstudios.ph#3883":1,"Input Universe | Takoland#5697":1,"Sam Buddy#8222":1,"Phoebe/PB#4121":1,"cee#1775":1,"コスモチ#6390":1,"phil_s#9465":1,"mig#1654":1,"Hatcheco#1411":1}},"609336141120012307":{"username":"dumbothedog#2798","points":13,"transactions":{"Calvinism#6743":1,"Kensuu#0023":1,"Adonis#0277":1,"flinchaga#3516":1,"Catsy#0222":1,"migfernando#2194":1,"Sam Buddy#8222":1,"migol#4733":1,"Bon#0748":1,"cyrus | WHERE'S THE LAMB SAUCE??#7461":2,"MrSwish#7434":1,"V N C#7837":1}},"627725590950182945":{"username":"Calvinism#6743","points":1,"transactions":{"dumbothedog#2798":1}},"710512418459091105":{"username":"borgirrrr!#5652","points":10,"transactions":{"Spark#3977":1,"Arevir#1065":1,"mekakiboo#1262":1,"dpdelacruz#5689":1,"samder#8329":1,"jellyace#5162":1,"howell#5629":2,"joey#3218":1,"kadi ✧#0497":1}},"412301544461959168":{"username":"Spark#3977","points":6,"transactions":{"borgirrrr!#5652":1,"ivTempo#4566":1,"kurlie#3479":1,"BigPoppa#4257":1,"PaoPaoTheOloap#9999":1,"Jakub#9507":1}},"396710838230188032":{"username":"papit#7896","points":2,"transactions":{"BBBBBB#0804":1,"migfernando#2194":1}},"185559173080023041":{"username":"BBBBBB#0804","points":1,"transactions":{"papit#7896":1}},"487982782023204872":{"username":"villy#2858","points":1,"transactions":{"Trigger#6180":1}},"261697701639356416":{"username":"donyel#7665","points":30,"transactions":{"Abats#1437":2,"Trigger#6180":1,"Griffin#5687":1,"törtoise#5941":1,"jpm#4150":1,"jinn#1402":1,"Aethera#5620":1,"Brylegna#4050":2,"Catsy#0222":2,"Akda#4658":2,"Gwynvael#9999":1,"ZaravelB#3870":1,"Kronus#3568":1,"bepis#7964":1,"migfernando#2194":1,"Vito#6381":1,"kani#5652":1,"benedict#9292":3,"jneri#4740":2,"famousa_#0423":1,"artyom#8242":1,"siaoru#5412":1,"Rapsquared#5925":1}},"755983355584970762":{"username":"FoxyWoxie#9676","points":2,"transactions":{"pOghma#0563":1,"JL#5704":1}},"256389909907111936":{"username":"Kensuu#0023","points":3,"transactions":{"dumbothedog#2798":1,"Antwan#8916":1,"softea#0547":1}},"987664165189586944":{"username":"ssVqwnp#1898","points":1,"transactions":{"waarro#4259":1}},"110729444167004160":{"username":"Tophrii#0192","points":7,"transactions":{"Arevir#1065":1,"patmeal#6464":1,"Input Universe | Takoland#5697":1,"Keeko#2633":1,"reinanii#9714":1,"k4lachuchi#6062":1,"Kellogg#0008":1}},"773818483636437014":{"username":"doctorbill#2369","points":35,"transactions":{"Abats#1437":4,"Akda#4658":2,"Babygirl#0008":1,"Altamont#8532":1,"Keeko#2633":1,"Doc J#0720":1,"jinn#1402":1,"Safuman#4345":1,"Adonis#0277":3,"DEV_428#6278":1,"artyom#8242":1,"tofuuusisig#4978":1,"pOghma#0563":1,"Xaclain#6934":1,"Shimizu#6436":1,"Mr. Umami#4069":1,"Merry#7562":1,"cyrus | WHERE'S THE LAMB SAUCE??#7461":2,"dreyz#0001":1,"NotYin#4975":1,"Jaspermatozoa#1547":1,"siaoru#5412":1,"Miggyyo#7958":1,"anya-re#7863":1,"CSamoy#2518":1,"k4lachuchi#6062":1,"eron#0300":1,"Griffin#5687":1}},"345951100920397825":{"username":"Jisun#0020","points":5,"transactions":{"Trigger#6180":1,"Adonis#0277":1,"Bypass1337#7630":1,"miguel2311123#1722":1,"tofuuusisig#4978":1}},"263173713342496770":{"username":".Heh.#7334","points":6,"transactions":{"2iiyo#4986":2,"Catsy#0222":1,"jneri#4740":1,"edosma#8241":1,"laurakinney#7353":1}},"470081739436326913":{"username":"2iiyo#4986","points":8,"transactions":{".Heh.#7334":2,"Onion Has Eeyo#6151":1,"koon#1084":1,"piptaz88#6163":1,"Deleted User#0000":1,"anya-re#7863":1,"01sam#7386":1}},"585458768624484382":{"username":"Peeek#3147","points":1,"transactions":{".Levin#0947":1}},"290735453211197440":{"username":"peach#2987","points":14,"transactions":{"jzn#2636":1,"Solanine#4987":1,"charmeepad#2020":1,"migol#4733":1,"halfway-done#3517":1,"torrelon22#6095":1,"dandy505#7947":1,"JL#5704":1,"firstAidkit#3806":1,"miloo#8635":1,"jellyace#5162":1,"patmeal#6464":1,"howell#5629":1,"BanTheChiang#0504":1}},"399081470393712651":{"username":"pypy#9920","points":4,"transactions":{"firstAidkit#3806":1,"Sam Buddy#8222":2,"tamarind#7001":1}},"268035155619217410":{"username":"firstAidkit#3806","points":18,"transactions":{"pypy#9920":1,"JL#5704":1,"magnumbreak#5402":1,"Ｐ Ｅ Ｒ Ｓ Ｅ Ｕ Ｓ#7027":1,"Jonas#2721":1,"PreatomicPoem#5784":2,"butter#7837":2,"Arevir#1065":1,"jellyace#5162":1,"phil_s#9465":1,"Altamont#8532":1,"siaoru#5412":1,"Aethera#5620":1,"Rise#0348":1,"peach#2987":1,"miguel2311123#1722":1}},"101152032739573760":{"username":"23_SGZ#1572","points":3,"transactions":{"Genøcide#6220":1,"SleepingLion#5070":1,"radl17#3437":1}},"765959223141859358":{"username":"Griffin#5687","points":35,"transactions":{"Abats#1437":1,"Cerasis#6969":1,"donyel#7665":1,"butter#7837":1,"Rydraelm#4269":1,"cee#1775":2,"Adamsilog#3491":1,"carlo#9645":1,"Ariseus#6220":1,"Kellogg#0008":1,"miguel2311123#1722":1,"samder#8329":2,"kenjikeys#7199":1,"Laosanity#2669":1,"Mr. Umami#4069":1,"syd#4463":1,"cyrus | WHERE'S THE LAMB SAUCE??#7461":1,"ed#4131":1,"Kronus#3568":1,"Hikchi#0883":2,"doctorbill#2369":1,"madayuste#6113":1,"kkh#2923":1,"Jem#9297":1,"yakyak#6609":1,"Penggu#0824":1,"Catzuo#1993":1,"Hakama#4206":1,"Input Universe | Takoland#5697":1,"Astra#4568":1,"ZaravelB#3870":1,"honeydew#3259":1}},"311581235363446788":{"username":".Levin#0947","points":16,"transactions":{"bepis#7964":2,"Adonis#0277":4,"törtoise#5941":1,"San Hol0#9204":1,"realJames#4182":1,"Peeek#3147":1,"Akda#4658":1,"Abats#1437":1,"tz#8142":1,"TufoChenne#8083":1,"josephg#5964":1,"stellaidoscope#0666":1}},"338271228378873857":{"username":"Akda#4658","points":13,"transactions":{".Levin#0947":1,"Onion Has Eeyo#6151":1,"doctorbill#2369":2,"donyel#7665":2,"Merry#7562":1,"cee#1775":1,"Hackd0G#5996":1,"kyle#7936":1,"mekakiboo#1262":1,"Ziggy#5251":1,"samder#8329":1}},"748555578325860383":{"username":"jaxxx#1111","points":2,"transactions":{"Pvdh#7647":1,"Lenibro#9757":1}},"152312203515527168":{"username":"magik#4742","points":1,"transactions":{"phil_s#9465":1}},"486945317988597762":{"username":"tr0yr0x#6355","points":2,"transactions":{"Abats#1437":1,"anya-re#7863":1}},"841362267017969686":{"username":"butter#7837","points":13,"transactions":{"Trigger#6180":2,"Alexandieee#1485":1,"Griffin#5687":1,"Merk#3508":1,"Lolek | Zeke PH#5612":1,"firstAidkit#3806":2,"Layton#8061":1,"DankPlank#2546":1,"Luckykid#8861":1,"kurlie#3479":1,"zev#3528":1}},"369635788494733322":{"username":"Alexandieee#1485","points":6,"transactions":{"butter#7837":1,"alderman rune#3229":1,"sully#9699":1,"cyrus | WHERE'S THE LAMB SAUCE??#7461":1,"Kazumi#2480":1,"laurakinney#7353":1}},"718226596879794239":{"username":"alderman rune#3229","points":4,"transactions":{"Alexandieee#1485":1,"Denzel Cruz#1298":1,"Rydraelm#4269":1,"FATBOY#7394":1}},"528907236018356274":{"username":"eldeymson#1064","points":2,"transactions":{"Adonis#0277":1,"psta1068#5627":1}},"329750907837349888":{"username":"howell#5629","points":25,"transactions":{"BanTheChiang#0504":1,"Adamsilog#3491":1,"Jeyo#8022":1,"vianlucam#7703":1,"Keeko#2633":1,"carlo#9645":1,"IrishMan#6004":1,"hannahg#8143":1,"Adonis#0277":1,"jneri#4740":1,"samder#8329":1,"borgirrrr!#5652":2,"peach#2987":1,"Migui#5260":1,"charmeepad#2020":1,"ARF#3654":1,"Igniter`#0001":1,"Desss#5659":1,"Dookie#3058":1,"Zaneox#5097":1,"cyrus | WHERE'S THE LAMB SAUCE??#7461":1,"Cotton#3036":1,"head#5211":1,"mekakiboo#1262":1}},"192950813709172736":{"username":"daft.builds#9664","points":1,"transactions":{"mananggaeia#0567":1}},"265135377352884225":{"username":"Kronus#3568","points":19,"transactions":{"BanTheChiang#0504":2,"honeydew#3259":1,"Victorique#8467":1,"ejcm#8948":1,"KingCobra#7394":1,"Keeko#2633":1,"Gwynvael#9999":1,"Adonis#0277":1,"donyel#7665":1,"erynejjang#2553":1,"CSamoy#2518":1,"Griffin#5687":1,"desuchaaan#1219":1,"Penggu#0824":1,"IN MY FLOP ERA#2454":1,"Tofu#3332":1,"Jem#9297":1,"jneri#4740":1}},"667327822934835200":{"username":"JL#5704","points":18,"transactions":{"firstAidkit#3806":1,"MegaHurtzz#0736":1,"2T4Y#3540":2,"samder#8329":2,"Edward#1203":1,"godkeebs#6320":2,"ThiccThor#8335":1,"wharfroach#1190":1,"PaoPaoTheOloap#9999":1,"pseudo-nim#1226":1,"peach#2987":1,"MP#9753":1,"siaoru#5412":1,"neal_sy#1364":1,"FoxyWoxie#9676":1}},"395508065325285376":{"username":"Aori#2395","points":1,"transactions":{"mekakiboo#1262":1}},"360048328508964865":{"username":"honeydew#3259","points":3,"transactions":{"Kronus#3568":1,"Safuman#4345":1,"Griffin#5687":1}},"256101837248135170":{"username":"Catsy#0222","points":15,"transactions":{"Sam Buddy#8222":1,"dumbothedog#2798":1,"donyel#7665":2,".Heh.#7334":1,"mekakiboo#1262":2,"jeddyyy#3616":1,"Kael#3030":1,"nornlaker#7682":1,"Procaffinatorrrr#1299":1,"vianlucam#7703":1,"Ddy#5245":1,"darkchocolate#0764":1,"radl17#3437":1}},"431911023184838667":{"username":"dudung#0633","points":4,"transactions":{"Adonis#0277":1,"Yuka#8311":1,"Brylegna#4050":2}},"478225799682457613":{"username":"Keeko#2633","points":9,"transactions":{"Abats#1437":1,"Safuman#4345":1,"howell#5629":1,"Adonis#0277":1,"kenjikeys#7199":1,"gwe#5327":1,"jaydawg#3258":1,"Kronus#3568":1,"Tophrii#0192":1}},"618338786413117441":{"username":"Denzel Cruz#1298","points":1,"transactions":{"alderman rune#3229":1}},"168782597474746368":{"username":"stellaidoscope#0666","points":15,"transactions":{"PaoPaoTheOloap#9999":1,"siaoru#5412":1,"kurlie#3479":1,"Gwynvael#9999":1,"Boxtaco#1805":1,"swimteam#9811":1,"duckdesu#1588":1,"sayowan#6070":1,"kat#6546":1,"nuki#1927":1,"oyeblue#4531":1,"mmmmmm#7905":1,"Jaspermatozoa#1547":1,".Levin#0947":1,"NayutaXKai#2947":1}},"400495651416309761":{"username":"PaoPaoTheOloap#9999","points":21,"transactions":{"stellaidoscope#0666":1,"Gen987#2051":1,"ed#4131":1,"migfernando#2194":2,"dendo#8569":1,"MegaHurtzz#0736":1,"JL#5704":1,"dianneaika#9137":1,"Adonis#0277":1,"swimteam#9811":1,"KingCobra#7394":1,"carlo#9645":1,"Dookie#3058":1,"Boxtaco#1805":1,"Spark#3977":1,"kaneki12#5226":1,"kurlie#3479":1,"abevince#9399":1,"MKB_Usagi#7777":1,"Jakub#9507":1}},"181780028474916864":{"username":"Solanine#4987","points":3,"transactions":{"peach#2987":1,"Pvdh#7647":1,"kurlie#3479":1}},"637187491438526484":{"username":"Jeyo#8022","points":5,"transactions":{"howell#5629":1,"WCYD#9212":1,"Waterrmelonn#6661":1,"Onion Has Eeyo#6151":1,"torrelon22#6095":1}},"207497292280889344":{"username":"Astra#4568","points":5,"transactions":{"chyll2#0239":1,"koon#1084":1,"Sam Buddy#8222":1,"Griffin#5687":1,"kani#5652":1}},"128070147582722048":{"username":"Kurdt#7477","points":1,"transactions":{"migol#4733":1}},"183457583141617665":{"username":"Lone.#1711","points":2,"transactions":{"𝐑𝐢𝐱#6409":1,"daxcc#2281":1}},"427262467203399692":{"username":"𝐑𝐢𝐱#6409","points":3,"transactions":{"Lone.#1711":1,"9596#8864":1,"charmeepad#2020":1}},"742295764050509856":{"username":"daxcc#2281","points":1,"transactions":{"Lone.#1711":1}},"717838671012954213":{"username":"charmeepad#2020","points":13,"transactions":{"R3nce#1747":1,"peach#2987":1,"TempusMNL#3391":1,"yee#6469":1,"𝐑𝐢𝐱#6409":1,"burjerking#8892":1,"phil_s#9465":1,"Adonis#0277":1,"SleepingLion#5070":1,"samder#8329":1,"head#5211":1,"San Hol0#9204":1,"howell#5629":1}},"186808839025328128":{"username":"Dayuri#5809","points":1,"transactions":{"jog1183#0532":1}},"548115177275654157":{"username":"jog1183#0532","points":2,"transactions":{"Dayuri#5809":1,"carlo#9645":1}},"153170549302886400":{"username":"ARF#3654","points":5,"transactions":{"Ｐ Ｅ Ｒ Ｓ Ｅ Ｕ Ｓ#7027":1,"migol#4733":1,"Laosanity#2669":1,"howell#5629":1,"WCYD#9212":1}},"711123112518746144":{"username":"Ｐ Ｅ Ｒ Ｓ Ｅ Ｕ Ｓ#7027","points":14,"transactions":{"ARF#3654":1,"firstAidkit#3806":1,"abuzzinbee#4353":1,"kukihime#4588":1,"Catzuo#1993":1,"TufoChenne#8083":1,"G. Armangya#9229":1,"smileinium#6333":1,"NayutaXKai#2947":1,"Father Bruno#9378":1,"pOghma#0563":1,"tofuuusisig#4978":1,"Polaris#6289":1,"Jem#9297":1}},"246860925947215883":{"username":"vianlucam#7703","points":8,"transactions":{"Onion Has Eeyo#6151":1,"BokChoy#1990":1,"howell#5629":1,"kana#0007":1,"mekakiboo#1262":1,"Pewpewpew#4747":1,"Mikeconrad#0702":1,"Catsy#0222":1}},"287922351864020993":{"username":"sully#9699","points":4,"transactions":{"Sam Buddy#8222":1,"Catzuo#1993":1,"halfway-done#3517":1,"Alexandieee#1485":1}},"433167214888353794":{"username":"koon#1084","points":10,"transactions":{"John Roid#0001":1,"Gen987#2051":1,"mananggaeia#0567":1,"Sam Buddy#8222":1,"Adonis#0277":1,"wntrmln#0001":1,"Doc J#0720":1,"Astra#4568":1,"2iiyo#4986":1,"Safuman#4345":1}},"273058681825001473":{"username":"John Roid#0001","points":3,"transactions":{"koon#1084":1,"dciruela#4926":1,"jasutin.exe#8871":1}},"479619148989726730":{"username":"migfernando#2194","points":14,"transactions":{"phil_s#9465":1,"bertsilog#5142":1,"dumbothedog#2798":1,"Eagle1Bearer#1922":1,"Cerasis#6969":1,"ango#7599":1,"Giii#0289":1,"HerpDerp#8191":1,"butzy#7360":1,"Keeko#2633":1,"PaoPaoTheOloap#9999":2,"nuki#1927":1,"papit#7896":1}},"915065359504142336":{"username":"2T4Y#3540","points":2,"transactions":{"JL#5704":2}},"263957524405944320":{"username":"Xyan#3147","points":1,"transactions":{"Merry#7562":1}},"761904436477558816":{"username":"AA—#3968","points":4,"transactions":{"bepis#7964":2,"Shimizu#6436":1,"mcnugget#2086":1}},"556373208635408385":{"username":"bepis#7964","points":12,"transactions":{"AA—#3968":2,"kokaker#2362":1,"KANGJAPS#1448":1,"Shimizu#6436":1,"Deleted User#0000":1,"eron#2608":1,".Levin#0947":1,"piptaz88#6163":1,"donyel#7665":1,"Flay#0102":1,"Bypass1337#7630":1}},"401358863447883778":{"username":"jpm#4150","points":8,"transactions":{"_Shoyo_#5497":1,"Arevir#1065":1,"lowiz#9613":1,"piptaz88#6163":1,"ARF#3654":1,"donyel#7665":1,"pOghma#0563":1,"Onion Has Eeyo#6151":1}},"320362064147382274":{"username":"Merry#7562","points":8,"transactions":{"Xyan#3147":1,"Altamont#8532":1,"Staahp#6510":1,"JIBUUU#4340":1,"Akda#4658":1,"AlphaHesus#7644":1,"keywayelih#2658":1,"doctorbill#2369":1}},"187548908224774144":{"username":"Deviculus#1014","points":2,"transactions":{"jellyace#5162":1,"Shimizu#6436":1}},"810888837118427136":{"username":"jellyace#5162","points":13,"transactions":{"Deviculus#1014":1,"Jaester#4953":1,"jasutin.exe#8871":1,"firstAidkit#3806":1,"Rydraelm#4269":1,"Tonio#6480":1,"anya-re#7863":1,"Jeyo#8022":1,"Abats#1437":2,"peach#2987":1,"borgirrrr!#5652":1,"Onion Has Eeyo#6151":1}},"831328625202298890":{"username":"trashpanda#4781","points":1,"transactions":{"BokChoy#1990":1}},"619434005393309707":{"username":"samder#8329","points":19,"transactions":{"JL#5704":2,"Edward#1203":2,"utaklamok#9262":1,"borgirrrr!#5652":1,"torrelon22#6095":1,"Griffin#5687":2,"bambam#6283":1,"howell#5629":1,"charmeepad#2020":1,"donyel#7665":1,"tofuuusisig#4978":1,"Cotton#3036":1,"PRCD#7667":1,"Deleted User#0000":1,"Akda#4658":1,"Yuka#8311":1}},"294469327174762496":{"username":"NayutaXKai#2947","points":4,"transactions":{"mananggaeia#0567":1,"Ｐ Ｅ Ｒ Ｓ Ｅ Ｕ Ｓ#7027":1,"Shimizu#6436":1,"stellaidoscope#0666":1}},"812718412160565298":{"username":"duckdesu#1588","points":13,"transactions":{"mananggaeia#0567":1,"ango#7599":1,"Sam Buddy#8222":1,"gegokeebs#0001":1,"Pancake#1307":1,"ZaravelB#3870":1,"Shimizu#6436":1,"Jebe#3635":1,"penapples#7983":1,"kani#5652":1,"cyrus | WHERE'S THE LAMB SAUCE??#7461":1,"kenjikeys#7199":1,"stellaidoscope#0666":1}},"677047460303994880":{"username":"mananggaeia#0567","points":10,"transactions":{"Sam Buddy#8222":1,"duckdesu#1588":1,"lowiz#9613":1,"daft.builds#9664":1,"siaoru#5412":1,"NayutaXKai#2947":1,"Deviculus#1014":1,"Jeekstapose#8975":1,"koon#1084":1,"BokChoy#1990":1}},"369858759931068427":{"username":"WCYD#9212","points":7,"transactions":{"Jeyo#8022":1,"TufoChenne#8083":1,"Hexd#4012":1,"KingCobra#7394":1,"ARF#3654":1,"eldeymson#1064":1,"abevince#9399":1}},"722331798738042891":{"username":"Babygirl#0008","points":1,"transactions":{"Adamsilog#3491":1}},"288110835686047744":{"username":"magnumbreak#5402","points":3,"transactions":{"firstAidkit#3806":1,"The Ian#7516":1,"ango#7599":1}},"142942003146129409":{"username":"Bon#0748","points":2,"transactions":{"Arevir#1065":1,"dumbothedog#2798":1}},"249114582415704064":{"username":"TempusMNL#3391","points":4,"transactions":{"charmeepad#2020":1,"Cerasis#6969":2,"swimteam#9811":1}},"739872831625625691":{"username":"zer02oo#8161","points":1,"transactions":{"Onion Has Eeyo#6151":1}},"358515727319433218":{"username":"James12#7556","points":1,"transactions":{"Edward#1203":1}},"644540263045267496":{"username":"Edward#1203","points":9,"transactions":{"James12#7556":1,"JL#5704":1,"kaneki12#5226":1,"Shimizu#6436":1,"samder#8329":2,"Frank | buy my frog 😔#2503":1,"Sej#3543":1,"benedict#9292":1}},"752900825507954688":{"username":"abuzzinbee#4353","points":1,"transactions":{"Ｐ Ｅ Ｒ Ｓ Ｅ Ｕ Ｓ#7027":1}},"688750350119075926":{"username":"Vicks Sotto#3316","points":4,"transactions":{"migol#4733":1,"chocovy#0153":1,"kyle#7936":1,"jzn#2636":1}},"624480490027483137":{"username":"Hao#5266","points":1,"transactions":{"Gen987#2051":1}},"391509131548426250":{"username":"carlo#9645","points":16,"transactions":{"Gen987#2051":1,"howell#5629":1,"Adamsilog#3491":1,"Griffin#5687":1,"Laosanity#2669":1,"jog1183#0532":1,"PaoPaoTheOloap#9999":1,"Boxtaco#1805":1,"head#5211":1,"artyom#8242":1,"augustus#7744":1,"Adonis#0277":2,"Gwynvael#9999":1,"Arkansass#0913":1,"Polaris#6289":1}},"160313061729632257":{"username":"Waterrmelonn#6661","points":1,"transactions":{"Jeyo#8022":1}},"393966943704711188":{"username":"SleepingLion#5070","points":1,"transactions":{"23_SGZ#1572":1}},"260304193640857600":{"username":"폐하 Yukashī ♡#6773","points":1,"transactions":{"Reverb#6257":1}},"551573300950597635":{"username":"Reverb#6257","points":6,"transactions":{"폐하 Yukashī ♡#6773":2,"Abats#1437":1,"K1K0LAST#9750":1,"Kurdt#7477":1,"ed#4131":1}},"881954809534611507":{"username":"9596#8864","points":2,"transactions":{"𝐑𝐢𝐱#6409":1,"mekakiboo#1262":1}},"92800972941688832":{"username":"Cerasis#6969","points":9,"transactions":{"zzzzzz#4462":1,"TempusMNL#3391":2,"Griffin#5687":1,"migfernando#2194":1,"dei#2789":1,"Adonis#0277":1,"realJames#4182":1,"Hexd#4012":1}},"298829992966619157":{"username":"Jonas#2721","points":2,"transactions":{"firstAidkit#3806":1,"miguel2311123#1722":1}},"826396591309062145":{"username":"MP#9753","points":5,"transactions":{"San Hol0#9204":1,"Doc J#0720":1,"JL#5704":1,"Pvdh#7647":1,"tempoora#9032":1}},"144788912991240193":{"username":"gegokeebs#0001","points":4,"transactions":{"duckdesu#1588":1,"Safuman#4345":1,"minji#0122":1,"neegool#8559":1}},"312916970737762305":{"username":"Pancake#1307","points":3,"transactions":{"duckdesu#1588":1,"piptaz88#6163":1,"tz#8142":1}},"663881113080692754":{"username":"törtoise#5941","points":6,"transactions":{"Sam Buddy#8222":2,".Levin#0947":1,"M34#0615":1,"donyel#7665":1,"jem#0401":1}},"302081625120833536":{"username":"dantambok#8254","points":1,"transactions":{"Doc J#0720":1}},"748337440674152459":{"username":"ZaravelB#3870","points":7,"transactions":{"duckdesu#1588":1,"MegaHurtzz#0736":1,"GAMBA#2784":1,"donyel#7665":1,"Penggu#0824":1,"Hikchi#0883":1,"Griffin#5687":1}},"371151350580641801":{"username":"HerpDerp#8191","points":1,"transactions":{"migfernando#2194":1}},"407524409666961410":{"username":"jikei#1234","points":5,"transactions":{"Yuka#8311":2,"oyeblue#4531":1,"Procaffinatorrrr#1299":1,"JP#8855":1}},"180464240254124032":{"username":"Furion#8931","points":2,"transactions":{"miguel2311123#1722":1,"cyrus | WHERE'S THE LAMB SAUCE??#7461":1}},"325599235271557122":{"username":"Lolek | Zeke PH#5612","points":1,"transactions":{"butter#7837":1}},"615512568215240743":{"username":"cyrus | WHERE'S THE LAMB SAUCE??#7461","points":27,"transactions":{"duckdesu#1588":1,"Abats#1437":3,"Furion#8931":1,"mekakiboo#1262":1,"doctorbill#2369":2,"howell#5629":1,"Desss#5659":1,"kani#5652":1,"Alexandieee#1485":1,"dumbothedog#2798":2,"sayowan#6070":1,"Mr. Umami#4069":1,"Kenken#5388":1,"Nightly#1352":1,"Deleted User#0000":1,"dpdelacruz#5689":1,"Griffin#5687":1,"XCLSIV#8245":1,"erynejjang#2553":1,"ejcm#8948":1,"madayuste#6113":1,"Antwan#8916":1,"miguel2311123#1722":1}},"193718795385307137":{"username":"wntrmln#0001","points":1,"transactions":{"koon#1084":1}},"266559476126056448":{"username":"Brylegna#4050","points":12,"transactions":{"dpdelacruz#5689":2,"mekakiboo#1262":2,"dudung#0633":2,"Hikchi#0883":2,"donyel#7665":2,"Juilli#8435":1,"Rantabi | zionstudios.ph#3883":1}},"500919674649706503":{"username":"Aethera#5620","points":7,"transactions":{"Adonis#0277":1,"nigle#1536":1,"Vicks Sotto#3316":1,"donyel#7665":1,"miloo#8635":1,"firstAidkit#3806":1,"zev#3528":1}},"225490979082207233":{"username":"ExtraGravy#6910","points":1,"transactions":{"Juilli#8435":1}},"479712968041562137":{"username":"Mashumu#1337","points":6,"transactions":{"Doc J#0720":1,"buonjiornuh#4460":1,"nikoForonda#4494":1,"burjerking#8892":1,"Adonis#0277":1,"Abats#1437":1}},"744209097393700895":{"username":"Doc J#0720","points":14,"transactions":{"Mashumu#1337":1,"daigo#2484":1,"dantambok#8254":1,"Babygirl#0008":1,"koon#1084":1,"Abats#1437":1,"doctorbill#2369":1,"MP#9753":1,"Sam Buddy#8222":1,"sayowan#6070":1,"BokChoy#1990":1,"Frank | buy my frog 😔#2503":1,"Melownade#1010":1,"sharkwhale#8735":1}},"419078952666267648":{"username":"Jaester#4953","points":13,"transactions":{"jellyace#5162":1,"Marty#1039":2,"kurlie#3479":1,"Luckykid#8861":1,"godkeebs#6320":1,"Rantabi | zionstudios.ph#3883":1,"pyritenotgold#2097":1,"Rydraelm#4269":2,"miguel2311123#1722":2,"Phoebe/PB#4121":1}},"147904313866321920":{"username":"dei#2789","points":5,"transactions":{"Abats#1437":1,"Cerasis#6969":1,"Jeekstapose#8975":2,"Bypass1337#7630":1}},"303768248292343808":{"username":"Marty#1039","points":5,"transactions":{"Jaester#4953":2,"cee#1775":1,"Safuman#4345":1,"BanTheChiang#0504":1}},"882425732138147843":{"username":"kurlie#3479","points":14,"transactions":{"Jaester#4953":1,"Solanine#4987":1,"Rydraelm#4269":2,"jinn#1402":1,"cagieca#7779":1,"Spark#3977":1,"miguel2311123#1722":1,"kkh#2923":1,"erynejjang#2553":1,"butter#7837":1,"stellaidoscope#0666":1,"madayuste#6113":1,"BokChoy#1990":1}},"286544163657351168":{"username":"Tricio#0753","points":2,"transactions":{"Juilli#8435":1,"shinsha#9843":1}},"465736925307863040":{"username":"godkeebs#6320","points":4,"transactions":{"Jaester#4953":1,"JL#5704":2,"Xanniard#2361":1}},"361448800713441280":{"username":"Luckykid#8861","points":1,"transactions":{"Jaester#4953":1}},"730587407824453664":{"username":"Eagle1Bearer#1922","points":8,"transactions":{"migfernando#2194":1,"dandy505#7947":1,"odsch#8402":1,"Izuna#9759":1,"luiis#6396":1,"IN MY FLOP ERA#2454":1,"jneri#4740":1,"1337th#3050":1}},"309600286534664203":{"username":"Rydraelm#4269","points":11,"transactions":{"Jaester#4953":2,"alderman rune#3229":1,"JiniPigs#4178":1,"kurlie#3479":2,"Griffin#5687":1,"JIBUUU#4340":1,"Tophrii#0192":1,"Pvdh#7647":1,"jellyace#5162":1}},"76939354131402752":{"username":"ed#4131","points":9,"transactions":{"PaoPaoTheOloap#9999":1,"Adonis#0277":1,"Ziggy#5251":1,"NotYin#4975":1,"Jwalking#2684":1,"Griffin#5687":1,"Reverb#6257":1,"Sam Buddy#8222":1,"madayuste#6113":1}},"227757801361899520":{"username":"aacchua#6180","points":1,"transactions":{"Safuman#4345":1}},"642331295434801153":{"username":"Giii#0289","points":4,"transactions":{"Akda#4658":1,"edosma#8241":1,"migfernando#2194":1,"Father Bruno#9378":1}},"777550563226419250":{"username":"bertsilog#5142","points":14,"transactions":{"migfernando#2194":1,"TufoChenne#8083":1,"jinn#1402":1,"smileinium#6333":1,"migol#4733":1,"czen#5997":1,"stellaidoscope#0666":1,"Arkansass#0913":1,"luiis#6396":1,"蘇善養#5364":1,"nootnoot#4469":1,"tz#8142":3}},"424557469583540226":{"username":"cee#1775","points":5,"transactions":{"Marty#1039":1,"Griffin#5687":2,"rua#7748":1,"Justin7#3223":1}},"552744325646385152":{"username":"jinn#1402","points":4,"transactions":{"doctorbill#2369":1,"kurlie#3479":1,"donyel#7665":1,"bertsilog#5142":1}},"142907127042670592":{"username":"miguel2311123#1722","points":14,"transactions":{"Furion#8931":1,"Jaester#4953":1,"Arevir#1065":1,"Jonas#2721":1,"kurlie#3479":1,"firstAidkit#3806":1,"Griffin#5687":1,"Jeyo#8022":1,"haruhi.suzu#9937":1,"Genøcide#6220":1,"mekakiboo#1262":1,"Jisun#0020":1,"𝓔𝔂𝓪𝓱𝓱𝓱#1732":1,"cyrus | WHERE'S THE LAMB SAUCE??#7461":1}},"694950885700141126":{"username":"Phoebe/PB#4121","points":2,"transactions":{"Jaester#4953":1,"rua#7748":1}},"210410160257105920":{"username":"Safuman#4345","points":18,"transactions":{"Genøcide#6220":1,"JP#8855":1,"doctorbill#2369":1,"kooks#0229":1,"SleepingLion#5070":1,"aacchua#6180":1,"Marty#1039":1,"Arkansass#0913":1,"vianlucam#7703":1,"Keeko#2633":1,"makimono#9394":1,"BoyKunat#4084":1,"gegokeebs#0001":1,"eron#2608":1,"honeydew#3259":1,"koon#1084":1,"Shimizu#6436":1,"Potato fiend#7443":1}},"577797649089167370":{"username":"kukihime#4588","points":4,"transactions":{"Akda#4658":1,"Ｐ Ｅ Ｒ Ｓ Ｅ Ｕ Ｓ#7027":1,"benedict#9292":1,"Adonis#0277":1}},"404882056649244684":{"username":"TufoChenne#8083","points":8,"transactions":{"bertsilog#5142":1,"Ｐ Ｅ Ｒ Ｓ Ｅ Ｕ Ｓ#7027":1,"WCYD#9212":1,"adii#1225":2,"IN MY FLOP ERA#2454":1,".Levin#0947":1,"toyota#2966":1}},"342957084926541824":{"username":"benedict#9292","points":16,"transactions":{"Yuka#8311":1,"kukihime#4588":1,"erynejjang#2553":1,"Edward#1203":1,"Ry#5553":1,"jzn#2636":1,"eron#0300":1,"artyom#8242":1,"donyel#7665":3,"Bypass1337#7630":1,"Jem#9297":1,"kani#5652":1,"Tophrii#0192":1,"siaoru#5412":1}},"262112237076873216":{"username":"Catzuo#1993","points":4,"transactions":{"Ｐ Ｅ Ｒ Ｓ Ｅ Ｕ Ｓ#7027":1,"sully#9699":1,"bepis#7964":1,"Griffin#5687":1}},"475624737226358794":{"username":"smileinium#6333","points":5,"transactions":{"bertsilog#5142":1,"kendrickprayforme#6969":2,"Ｐ Ｅ Ｒ Ｓ Ｅ Ｕ Ｓ#7027":1,"Xifi.1923#1412":1}},"334975026505842688":{"username":"G. Armangya#9229","points":2,"transactions":{"Ｐ Ｅ Ｒ Ｓ Ｅ Ｕ Ｓ#7027":2}},"689375218682298502":{"username":"eron#2608","points":3,"transactions":{"Safuman#4345":1,"bepis#7964":1,"Jem#9297":1}},"456710449082138646":{"username":"kokaker#2362","points":2,"transactions":{"bepis#7964":1,"Kebby#3829":1}},"713657354612375572":{"username":"Dookie#3058","points":7,"transactions":{"Altamont#8532":1,"head#5211":1,"augustus#7744":1,"PaoPaoTheOloap#9999":1,"havsilog#5549":1,"Adonis#0277":1,"howell#5629":1}},"183566139425685504":{"username":"Altamont#8532","points":5,"transactions":{"Dookie#3058":1,"pris0n3r02 | ChiefOmicron#8518":1,"radl17#3437":1,"Merry#7562":1,"Juicy#1027":1}},"244473339928641536":{"username":"yee#6469","points":1,"transactions":{"charmeepad#2020":1}},"691170561216348222":{"username":"psta1068#5627","points":1,"transactions":{"eldeymson#1064":1}},"271575776258818058":{"username":"sayowan#6070","points":10,"transactions":{"Adonis#0277":1,"madayuste#6113":1,"MKB_Usagi#7777":1,"jasutin.exe#8871":1,"cyrus | WHERE'S THE LAMB SAUCE??#7461":1,"stellaidoscope#0666":1,"bearista#9037":1,"les#5739":1,"Penggu#0824":1,"mmmmmm#7905":1}},"316265576819458068":{"username":"tamarind#7001","points":1,"transactions":{"pypy#9920":1}},"777529695901319190":{"username":"Pvdh#7647","points":4,"transactions":{"jaxxx#1111":1,"Rydraelm#4269":1,"siaoru#5412":1,"MP#9753":1}},"740950881100365933":{"username":"dciruela#4926","points":3,"transactions":{"mekakiboo#1262":1,"John Roid#0001":1,"komz#6070":1}},"490389486581317643":{"username":"ninjas#0001","points":2,"transactions":{"swimteam#9811":1,"JP#8855":1}},"313329824363970560":{"username":"The Ian#7516","points":1,"transactions":{"magnumbreak#5402":1}},"351004697705971714":{"username":"zev#3528","points":6,"transactions":{"Sam Buddy#8222":1,"butter#7837":1,"Deleted User#0000":1,"mekakiboo#1262":1,"Aethera#5620":1,"NotYin#4975":1}},"357534775809933323":{"username":"IrishMan#6004","points":1,"transactions":{"howell#5629":1}},"280249917858119690":{"username":"Rise#0348","points":5,"transactions":{"Sam Buddy#8222":1,"firstAidkit#3806":1,"K1K0LAST#9750":1,"patmeal#6464":1,"swimteam#9811":1}},"752472088203231294":{"username":"Frank | buy my frog 😔#2503","points":3,"transactions":{"Doc J#0720":1,"jasutin.exe#8871":1,"Edward#1203":1}},"436564810646290432":{"username":"cis#0228","points":1,"transactions":{"nephrite#5652":1}},"434577320158691330":{"username":"pris0n3r02 | ChiefOmicron#8518","points":1,"transactions":{"Altamont#8532":1}},"678589636817453056":{"username":"jasutin.exe#8871","points":10,"transactions":{"jellyace#5162":2,"Frank | buy my frog 😔#2503":1,"Doodzyyy#4505":1,"Hexd#4012":1,"Holy Panda#3585":1,"sayowan#6070":1,"PolterGeese#8940":2,"John Roid#0001":1}},"458602924751323157":{"username":"nephrite#5652","points":1,"transactions":{"cis#0228":1}},"647034992165126144":{"username":"JIBUUU#4340","points":5,"transactions":{"Onion Has Eeyo#6151":1,"Benz#2173":1,"Merry#7562":1,"MegaHurtzz#0736":1,"Genøcide#6220":1}},"464674124657197066":{"username":"Hikchi#0883","points":6,"transactions":{"Brylegna#4050":1,"Adonis#0277":1,"Griffin#5687":2,"asher#1631":1,"ZaravelB#3870":1}},"197414803369754624":{"username":"wharfroach#1190","points":2,"transactions":{"JL#5704":1,"swimteam#9811":1}},"679704006905561129":{"username":"swimteam#9811","points":12,"transactions":{"ninjas#0001":1,"hannahg#8143":1,"wharfroach#1190":1,"PaoPaoTheOloap#9999":1,"radl17#3437":1,"Rise#0348":1,"stellaidoscope#0666":1,"MKB_Usagi#7777":1,"JP#8855":1,"trashpanda#4781":1,"TempusMNL#3391":1,"Jwalking#2684":1}},"406057300063682570":{"username":"Doodzyyy#4505","points":2,"transactions":{"yohan#2821":1,"jasutin.exe#8871":1}},"143197001624846336":{"username":"cagieca#7779","points":2,"transactions":{"kurlie#3479":1,"Griss#0001":1}},"320571544361238529":{"username":"kenjikeys#7199","points":4,"transactions":{"duckdesu#1588":1,"Adonis#0277":1,"Griffin#5687":1,"Keeko#2633":1}},"189636938762944512":{"username":"radl17#3437","points":8,"transactions":{"Altamont#8532":1,"Ian G#4571":1,"swimteam#9811":1,"sharkwhale#8735":1,"Jem#9297":2,"mcnugget#2086":1,"Catsy#0222":1}},"981422924173029396":{"username":"DEV_428#6278","points":2,"transactions":{"Abats#1437":1,"doctorbill#2369":1}},"689302774860742666":{"username":"kaneki12#5226","points":2,"transactions":{"Edward#1203":1,"PaoPaoTheOloap#9999":1}},"310674985851158529":{"username":"sini#7979","points":1,"transactions":{"Roopickle#1944":1}},"78548777580900352":{"username":"Roopickle#1944","points":2,"transactions":{"sini#7979":1,"tz#8142":1}},"357609037350567936":{"username":"Griss#0001","points":2,"transactions":{"cagieca#7779":1,"N A N I | M A R K#2173":1}},"488713522629574687":{"username":"ejcm#8948","points":5,"transactions":{"torrelon22#6095":1,"buonjiornuh#4460":1,"Kronus#3568":1,"V N C#7837":1,"cyrus | WHERE'S THE LAMB SAUCE??#7461":1}},"306720423536623626":{"username":"ThiccThor#8335","points":5,"transactions":{"JL#5704":1,"Shimizu#6436":1,"siaoru#5412":1,"wakkeen#1189":1,"Chaosyoshi5#7642":1}},"408223675444232192":{"username":"Dab#8092","points":1,"transactions":{"penapples#7983":1}},"547051843251994626":{"username":"penapples#7983","points":2,"transactions":{"Dab#8092":1,"shinsha#9843":1}},"190094617692209152":{"username":"Staahp#6510","points":1,"transactions":{"Merry#7562":1}},"161759480458117121":{"username":"AlphaHesus#7644","points":3,"transactions":{"phil_s#9465":1,"Merry#7562":1,"Jakub#9507":1}},"313905463320379393":{"username":"pseudo-nim#1226","points":1,"transactions":{"JL#5704":1}},"963072570503082004":{"username":"halfway-done#3517","points":2,"transactions":{"peach#2987":1,"sully#9699":1}},"466996506512064536":{"username":"minariii#9913","points":2,"transactions":{"mart | MKS#5679":1,"Jotes#3503":1}},"914330066761179196":{"username":"mart | MKS#5679","points":1,"transactions":{"minariii#9913":1}},"668091760039165983":{"username":"ekko#4645","points":1,"transactions":{"BokChoy#1990":1}},"316361529597624320":{"username":"nikoForonda#4494","points":1,"transactions":{"Mashumu#1337":1}},"347769907678806019":{"username":"kendrickprayforme#6969","points":5,"transactions":{"mig#1654":1,"Kennebee#7025":1,"Chaking#8945":1,"Miggyyo#7958":1,"smileinium#6333":1}},"744081544192327721":{"username":"mig#1654","points":2,"transactions":{"kendrickprayforme#6969":1,"rua#7748":1}},"409855604975206410":{"username":"KingSK_iv#3237","points":3,"transactions":{"BokChoy#1990":1,"bagatchatako#5563":1,"MKB_Usagi#7777":1}},"232799275031986176":{"username":"Ian G#4571","points":5,"transactions":{"radl17#3437":1,"torrelon22#6095":1,"Btmn#6905":1,"anya-re#7863":1,"Sam Buddy#8222":1}},"264013368661114880":{"username":"Bypass1337#7630","points":10,"transactions":{"Jisun#0020":1,"Adonis#0277":1,"decaug#3142":1,"ango#7599":1,"Step-Bro#4980":1,"mmmmmm#7905":1,"benedict#9292":1,"bepis#7964":1,"Y0DA#9545":1,"dei#2789":1}},"868068961642745888":{"username":"burjerking#8892","points":5,"transactions":{"Mashumu#1337":1,"Shimizu#6436":1,"charmeepad#2020":1,"K1K0LAST#9750":2}},"327021052905521154":{"username":"dandy505#7947","points":3,"transactions":{"peach#2987":1,"Shimizu#6436":1,"Eagle1Bearer#1922":1}},"354272838468763648":{"username":"Hexd#4012","points":5,"transactions":{"jasutin.exe#8871":1,"KingCobra#7394":1,"PRCD#7667":1,"WCYD#9212":1,"Cerasis#6969":1}},"449242263244111885":{"username":"Holy Panda#3585","points":1,"transactions":{"jasutin.exe#8871":1}},"282441188982784004":{"username":"Zaneox#5097","points":3,"transactions":{"phil_s#9465":1,"howell#5629":1,"torrelon22#6095":1}},"755289656450613318":{"username":"keywayelih#2658","points":5,"transactions":{"Adamsilog#3491":1,"Onion Has Eeyo#6151":1,"Genøcide#6220":1,"desuchaaan#1219":1,"Merry#7562":1}},"398172975821750285":{"username":"shinsha#9843","points":3,"transactions":{"Tricio#0753":1,"pOghma#0563":1,"penapples#7983":1}},"650897311886737429":{"username":"Benz#2173","points":1,"transactions":{"JIBUUU#4340":1}},"284078958558052353":{"username":"Tsundere#3793","points":1,"transactions":{"Onion Has Eeyo#6151":1}},"574969988834656266":{"username":"hannahg#8143","points":2,"transactions":{"swimteam#9811":1,"howell#5629":1}},"238342407446462464":{"username":"Yer#0633","points":2,"transactions":{"Onion Has Eeyo#6151":1,"phil_s#9465":1}},"645818260658585600":{"username":"madayuste#6113","points":4,"transactions":{"sayowan#6070":1,"Griffin#5687":1,"cyrus | WHERE'S THE LAMB SAUCE??#7461":1,"ed#4131":1}},"753912463711535126":{"username":"pyritenotgold#2097","points":3,"transactions":{"Shimizu#6436":1,"Jwalking#2684":1,"iblgts#2209":1}},"970313791734685716":{"username":"miloo#8635","points":2,"transactions":{"Adamsilog#3491":1,"peach#2987":1}},"261826136651202560":{"username":"Tonio#6480","points":4,"transactions":{"jellyace#5162":1,"ango#7599":1,"Shimizu#6436":1,"_Shoyo_#5497":1}},"324067278096171009":{"username":"BigPoppa#4257","points":4,"transactions":{"Spark#3977":1,"kadi ✧#0497":1,"mekakiboo#1262":1,"jlyn | where are my artisans?#0261":1}},"150865825790820352":{"username":"utaklamok#9262","points":1,"transactions":{"samder#8329":1}},"313206364744974346":{"username":"kana#0007","points":1,"transactions":{"vianlucam#7703":1}},"696592559178514492":{"username":"mokona#3253","points":1,"transactions":{"Father Bruno#9378":1}},"249169026360672256":{"username":"Father Bruno#9378","points":7,"transactions":{"mokona#3253":1,"AG#4048":1,"Ｐ Ｅ Ｒ Ｓ Ｅ Ｕ Ｓ#7027":1,"kani#5652":1,"Kiru#6405":1,"Giii#0289":1,"NotYin#4975":1}},"373425481959342080":{"username":"wakkeen#1189","points":3,"transactions":{"Jebe#3635":1,"ThiccThor#8335":1,"Desss#5659":1}},"265280083797868545":{"username":"Jotes#3503","points":1,"transactions":{"minariii#9913":1}},"885581271772856340":{"username":"AG#4048","points":1,"transactions":{"Father Bruno#9378":1}},"807658839817977906":{"username":"K1K0LAST#9750","points":8,"transactions":{"Rise#0348":1,"burjerking#8892":1,"Reverb#6257":1,"peritale#1086":1,"edgesse#8030":1,"KANGJAPS#1448":1,"josephg#5964":1,"mmmmmm#7905":1}},"219879320297013248":{"username":"desuchaaan#1219","points":4,"transactions":{"keywayelih#2658":1,"banbu#3890":1,"Melownade#1010":1,"Kronus#3568":1}},"740975102111514714":{"username":"anya-re#7863","points":14,"transactions":{"jellyace#5162":1,"Ian G#4571":1,"2iiyo#4986":1,"Adonis#0277":1,"ango#7599":1,"mekakiboo#1262":1,"realJames#4182":1,"nuki#1927":1,"Xifi.1923#1412":1,"kyle#7936":1,"tz#8142":1,"神 Jon#8533":1,"M34#0615":1,"tr0yr0x#6355":1}},"333995176106262538":{"username":"Ö10#1499","points":2,"transactions":{"Adamsilog#3491":1,"JP#8855":1}},"404960063380389888":{"username":"MKB_Usagi#7777","points":8,"transactions":{"sayowan#6070":1,"Amads#7894":1,"swimteam#9811":1,"KingSK_iv#3237":1,"PaoPaoTheOloap#9999":1,"Adonis#0277":1,"Reverb#6257":1,"toblairon#0370":1}},"199123381486878720":{"username":"head#5211","points":4,"transactions":{"Dookie#3058":1,"charmeepad#2020":1,"carlo#9645":1,"howell#5629":1}},"363605418964025344":{"username":"Sej#3543","points":2,"transactions":{"Edward#1203":1,"dendo#8569":1}},"156645561657720833":{"username":"Ariseus#6220","points":2,"transactions":{"Griffin#5687":1,"Gwynvael#9999":1}},"718047798506946610":{"username":"dendo#8569","points":2,"transactions":{"Sej#3543":1,"Adamsilog#3491":1}},"414655578523303937":{"username":"reinanii#9714","points":3,"transactions":{"BokChoy#1990":1,"Tophrii#0192":1,"KeyBox#0931":1}},"189700007425867776":{"username":"Kellogg#0008","points":2,"transactions":{"Griffin#5687":1,"Tophrii#0192":1}},"566260795105607680":{"username":"Laosanity#2669","points":4,"transactions":{"carlo#9645":1,"ARF#3654":1,"pOghma#0563":1,"Griffin#5687":1}},"873061706367115275":{"username":"Zaffre~#6439","points":1,"transactions":{"Juilli#8435":1}},"728509127097188373":{"username":"patmeal#6464","points":6,"transactions":{"Rise#0348":1,"tofuuusisig#4978":1,"peach#2987":1,"Tophrii#0192":1,"mekakiboo#1262":1,"Hatcheco#1411":1}},"299907995574337537":{"username":"PolterGeese#8940","points":2,"transactions":{"jasutin.exe#8871":2}},"365455624303149066":{"username":"N A N I | M A R K#2173","points":3,"transactions":{"Griss#0001":1,"Adonis#0277":1,"pOghma#0563":1}},"324556905487794177":{"username":"jneri#4740","points":7,"transactions":{"howell#5629":1,".Heh.#7334":1,"Deleted User#0000":1,"Eagle1Bearer#1922":1,"donyel#7665":2,"Kronus#3568":1}},"513340226089779200":{"username":"BoyKunat#4084","points":1,"transactions":{"Safuman#4345":1}},"694952024717918288":{"username":"makimono#9394","points":1,"transactions":{"Safuman#4345":1}},"589424031946506290":{"username":"Asian Lad#9873","points":1,"transactions":{"torrelon22#6095":1}},"589112661539553280":{"username":"Mr. Umami#4069","points":4,"transactions":{"Rx003#9276":1,"doctorbill#2369":1,"Griffin#5687":1,"cyrus | WHERE'S THE LAMB SAUCE??#7461":1}},"404987482846003202":{"username":"DaBince#7470","points":1,"transactions":{"Leboo#8864":1}},"256229020314763265":{"username":"Leboo#8864","points":1,"transactions":{"DaBince#7470":1}},"642741565533716510":{"username":"Mali#2429","points":1,"transactions":{"SuperMorj#3494":1}},"511961014489710622":{"username":"SuperMorj#3494","points":1,"transactions":{"Mali#2429":1}},"755798436410032212":{"username":"augustus#7744","points":2,"transactions":{"Dookie#3058":1,"carlo#9645":1}},"690921812116373584":{"username":"Hackd0G#5996","points":3,"transactions":{"makimono#9394":1,"Akda#4658":1,"Sam Buddy#8222":1}},"747746922441474079":{"username":"piptaz88#6163","points":3,"transactions":{"Pancake#1307":1,"2iiyo#4986":1,"Vierra#2427":1}},"428902939793293312":{"username":"haruhi.suzu#9937","points":1,"transactions":{"miguel2311123#1722":1}},"232514632768684033":{"username":"JP#8855","points":3,"transactions":{"Ö10#1499":1,"jikei#1234":1,"swimteam#9811":1}},"728648207352987660":{"username":"Kazumi#2480","points":3,"transactions":{"Potato fiend#7443":1,"Ziggy#5251":1,"Adonis#0277":1}},"555931785658368010":{"username":"oyeblue#4531","points":6,"transactions":{"Yuka#8311":1,"jikei#1234":1,"Adonis#0277":1,"NotYin#4975":1,"stellaidoscope#0666":1,"siaoru#5412":1}},"378026985114435595":{"username":"Potato fiend#7443","points":5,"transactions":{"Kazumi#2480":1,"Asphiros#0952":1,"Onion Has Eeyo#6151":1,"Adonis#0277":1,"Safuman#4345":1}},"173209517184516098":{"username":"Gwynvael#9999","points":10,"transactions":{"Ariseus#6220":1,"Sam Buddy#8222":1,"BokChoy#1990":1,"stellaidoscope#0666":1,"gwe#5327":1,"! Chapito#3011":1,"umbr#3217":1,"Kronus#3568":1,"donyel#7665":1,"carlo#9645":1}},"850979193763921971":{"username":"neukkim#5620","points":2,"transactions":{"BokChoy#1990":1,"Gadhelix#2809":1}},"140751452015427584":{"username":"czen#5997","points":1,"transactions":{"bertsilog#5142":1}},"448378755296264192":{"username":"KingCobra#7394","points":5,"transactions":{"Hexd#4012":1,"PaoPaoTheOloap#9999":1,"Victorique#8467":1,"WCYD#9212":1,"Kronus#3568":1}},"375942118356811776":{"username":"𝓔𝔂𝓪𝓱𝓱𝓱#1732","points":1,"transactions":{"miguel2311123#1722":1}},"422049832463630356":{"username":"sharkwhale#8735","points":4,"transactions":{"radl17#3437":1,"milkmaid#4900":1,"KANGJAPS#1448":1,"Doc J#0720":1}},"379248162403254272":{"username":"gwe#5327","points":1,"transactions":{"Keeko#2633":1}},"270399000874713088":{"username":"edgesse#8030","points":2,"transactions":{"K1K0LAST#9750":1,"edosma#8241":1}},"353087329553874945":{"username":"jaydawg#3258","points":1,"transactions":{"Keeko#2633":1}},"751781952721518622":{"username":"erynejjang#2553","points":4,"transactions":{"kurlie#3479":1,"benedict#9292":1,"cyrus | WHERE'S THE LAMB SAUCE??#7461":1,"Kronus#3568":1}},"176189531274346496":{"username":"kkh#2923","points":3,"transactions":{"kurlie#3479":1,"Shimizu#6436":1,"Griffin#5687":1}},"668334881880932352":{"username":"jeddyyy#3616","points":1,"transactions":{"Catsy#0222":1}},"302740962180857857":{"username":"Desss#5659","points":5,"transactions":{"SleepingLion#5070":1,"Rumorgim#1102":1,"howell#5629":1,"wakkeen#1189":1,"cyrus | WHERE'S THE LAMB SAUCE??#7461":1}},"945622909760720956":{"username":"Boxtaco#1805","points":3,"transactions":{"PaoPaoTheOloap#9999":1,"stellaidoscope#0666":1,"carlo#9645":1}},"212876781269680128":{"username":"lesterLL#0389","points":1,"transactions":{"yfiggej#1092":1}},"558592256928645130":{"username":"蘇善養#5364","points":3,"transactions":{"HerpDerp#8191":1,"bertsilog#5142":1,"Izuna#9759":1}},"328575520629325834":{"username":"xtrm5nrg#7518","points":2,"transactions":{"Rydraelm#4269":1,"mekakiboo#1262":1}},"379099860638367748":{"username":"Ddy#5245","points":3,"transactions":{"tofuuusisig#4978":1,"siaoru#5412":1,"Catsy#0222":1}},"265821494901342209":{"username":"Procaffinatorrrr#1299","points":5,"transactions":{"jikei#1234":1,"siaoru#5412":1,"Catsy#0222":1,"tz#8142":2}},"540419319234822144":{"username":"Gadhelix#2809","points":3,"transactions":{"neukkim#5620":1,"jlyn | where are my artisans?#0261":1,"Combofiend#7377":1}},"481481250750595075":{"username":"kieran#9984","points":1,"transactions":{"tofuuusisig#4978":1}},"852834650153418762":{"username":"01sam#7386","points":4,"transactions":{"vianlucam#7703":1,"ango#7599":1,"2iiyo#4986":1,"k4lachuchi#6062":1}},"210036675231875072":{"username":"Victorique#8467","points":4,"transactions":{"Kronus#3568":1,"KingCobra#7394":1,"Cosa#0525":1,"torrelon22#6095":1}},"501960418529509377":{"username":"Input Universe | Takoland#5697","points":6,"transactions":{"Patch#0003":1,"Juilli#8435":1,"Tophrii#0192":1,"Kronus#3568":1,"KANGJAPS#1448":1,"Griffin#5687":1}},"192154199625039873":{"username":"Patch#0003","points":1,"transactions":{"Input Universe | Takoland#5697":1}},"500587118284767233":{"username":"Cosa#0525","points":1,"transactions":{"Victorique#8467":1}},"266610792286257163":{"username":"Migui#5260","points":1,"transactions":{"howell#5629":1}},"369509192073084929":{"username":"Xaclain#6934","points":1,"transactions":{"doctorbill#2369":1}},"436086092438175745":{"username":"Cotton#3036","points":4,"transactions":{"samder#8329":1,"Onion Has Eeyo#6151":1,"PRCD#7667":1,"howell#5629":1}},"694959084084002837":{"username":"havsilog#5549","points":1,"transactions":{"Dookie#3058":1}},"308600603767209984":{"username":"Rumorgim#1102","points":2,"transactions":{"mekakiboo#1262":1,"Desss#5659":1}},"306751899091337216":{"username":"minji#0122","points":1,"transactions":{"gegokeebs#0001":1}},"916884016035156019":{"username":"SDX#2509","points":1,"transactions":{"Hatcheco#1411":1}},"740387140797726830":{"username":"Hatcheco#1411","points":4,"transactions":{"SDX#2509":1,"rua#7748":1,"patmeal#6464":1,"pochachot#9041":1}},"257410393545244674":{"username":"Kael#3030","points":2,"transactions":{"Catsy#0222":1,"Kensuu#0023":1}},"484219904145358850":{"username":"Pewpewpew#4747","points":2,"transactions":{"vianlucam#7703":1,"BanTheChiang#0504":1}},"662299653810815016":{"username":"! Chapito#3011","points":1,"transactions":{"Gwynvael#9999":1}},"373407970056339460":{"username":"iblgts#2209","points":1,"transactions":{"pyritenotgold#2097":1}},"242294056338718720":{"username":"joey#3218","points":1,"transactions":{"borgirrrr!#5652":1}},"398467754904125451":{"username":"Igniter`#0001","points":3,"transactions":{"howell#5629":1,"mekakiboo#1262":1,"V N C#7837":1}},"683354585250791534":{"username":"kadi ✧#0497","points":3,"transactions":{"Coach F0under07#0874":1,"borgirrrr!#5652":1,"BigPoppa#4257":1}},"672845667672260638":{"username":"Coach F0under07#0874","points":1,"transactions":{"kadi ✧#0497":1}},"254573347076177920":{"username":"Adolf the White#8954","points":2,"transactions":{"Yuka#8311":1,"LeonCielo#9808":1}},"289902070947905538":{"username":"Euimey#1808","points":1,"transactions":{"Adonis#0277":1}},"670538759250509860":{"username":"kani#5652","points":8,"transactions":{"Father Bruno#9378":1,"ethannn#0065":1,"cyrus | WHERE'S THE LAMB SAUCE??#7461":1,"Deleted User#0000":1,"donyel#7665":1,"kyle#7936":1,"benedict#9292":1,"Astra#4568":1}},"456226577798135808":{"username":"Deleted User#0000","points":8,"transactions":{"pOghma#0563":1,"2iiyo#4986":1,"pokpok#4250":1,"bepis#7964":1,"cyrus | WHERE'S THE LAMB SAUCE??#7461":1,"Kid#9519":1,"Justin7#3223":1,"kani#5652":1}},"828877429019639828":{"username":"bagatchatako#5563","points":1,"transactions":{"KingSK_iv#3237":1}},"604568363838078986":{"username":"Rapsquared#5925","points":3,"transactions":{"kadi ✧#0497":1,"Mana#7753":1,"donyel#7665":1}},"433673709174259712":{"username":"edosma#8241","points":3,"transactions":{"edgesse#8030":1,"Adonis#0277":1,".Heh.#7334":1}},"658507346301157386":{"username":"Fall#5558","points":1,"transactions":{"Onion Has Eeyo#6151":1}},"662469294835105822":{"username":"jlyn | where are my artisans?#0261","points":3,"transactions":{"Gadhelix#2809":1,"torrelon22#6095":1,"BigPoppa#4257":1}},"570092208934617088":{"username":"abevince#9399","points":2,"transactions":{"WCYD#9212":1,"PaoPaoTheOloap#9999":1}},"451586348458049546":{"username":"KANGJAPS#1448","points":4,"transactions":{"bepis#7964":1,"K1K0LAST#9750":1,"sharkwhale#8735":1,"Input Universe | Takoland#5697":1}},"702803716205707304":{"username":"Btmn#6905","points":1,"transactions":{"Ian G#4571":1}},"232869151809470464":{"username":"CSamoy#2518","points":5,"transactions":{"MrSwish#7434":1,"Kronus#3568":1,"siaoru#5412":1,"jzn#2636":1,"ymaaan#2128":1}},"560815694481195008":{"username":"MrSwish#7434","points":2,"transactions":{"CSamoy#2518":1,"Jwalking#2684":1}},"556827950893236236":{"username":"Mikeconrad#0702","points":2,"transactions":{"vianlucam#7703":1,"pokpok#4250":1}},"745975895487152229":{"username":"siaoru#5412","points":15,"transactions":{"ThiccThor#8335":1,"Procaffinatorrrr#1299":1,"Kenken#5388":1,"Kumonryu#9974":1,"doctorbill#2369":1,"Sam Buddy#8222":1,"Ddy#5245":1,"nornlaker#7682":1,"Dottdott#4562":1,"CSamoy#2518":1,"oyeblue#4531":1,"benedict#9292":1,"artyom#8242":1,"donyel#7665":1,"pokpok#4250":1}},"718364902393249802":{"username":"milkmaid#4900","points":1,"transactions":{"sharkwhale#8735":1}},"763590029225623552":{"username":"_Shoyo_#5497","points":1,"transactions":{"Tonio#6480":1}},"306785207564894212":{"username":"Jakub#9507","points":4,"transactions":{"Spark#3977":1,"PaoPaoTheOloap#9999":1,"Jwalking#2684":1,"AlphaHesus#7644":1}},"150881241116180480":{"username":"syd#4463","points":2,"transactions":{"Griffin#5687":2}},"284918520972836864":{"username":"Kiru#6405","points":1,"transactions":{"Father Bruno#9378":1}},"421184570520502272":{"username":"Thirsty#5728","points":1,"transactions":{"mekakiboo#1262":1}},"259031966265901057":{"username":"Jwalking#2684","points":5,"transactions":{"swimteam#9811":1,"MrSwish#7434":1,"mekakiboo#1262":1,"ed#4131":1,"Jakub#9507":1}},"701620956963143721":{"username":"Vierra#2427","points":1,"transactions":{"piptaz88#6163":1}},"134445580540837890":{"username":"pokpok#4250","points":3,"transactions":{"Mikeconrad#0702":1,"Deleted User#0000":1,"siaoru#5412":1}},"244860315429371904":{"username":"Chaosyoshi5#7642","points":1,"transactions":{"ThiccThor#8335":1}},"730016056068014172":{"username":"pancan#7202","points":1,"transactions":{"realJames#4182":1}},"384550931238486018":{"username":"realJames#4182","points":4,"transactions":{"pancan#7202":1,"adii#1225":1,"Cerasis#6969":1,"anya-re#7863":1}},"786299594874945556":{"username":"KeyBox#0931","points":1,"transactions":{"reinanii#9714":1}},"120474009581256704":{"username":"Wroved#9571","points":1,"transactions":{"samder#8329":1}},"696568482552217600":{"username":"laurakinney#7353","points":2,"transactions":{"Alexandieee#1485":1,".Heh.#7334":1}},"290520379259224065":{"username":"SaintAlia#7720","points":1,"transactions":{"mekakiboo#1262":1}},"503584579366682635":{"username":"kalabull#0311","points":1,"transactions":{"Adonis#0277":1}},"591643105225080832":{"username":"RABA#1155","points":1,"transactions":{"Penggu#0824":1}},"447694483828637697":{"username":"Penggu#0824","points":6,"transactions":{"RABA#1155":1,"sayowan#6070":1,"kyle#7936":1,"Kronus#3568":1,"ZaravelB#3870":1,"Griffin#5687":1}},"475221726616354816":{"username":"Михаи́л#7094","points":2,"transactions":{"Onion Has Eeyo#6151":1,"Sam Buddy#8222":1}},"403455816897658905":{"username":"YunnY#1696","points":1,"transactions":{"Onion Has Eeyo#6151":1}},"658240414637359105":{"username":"GAMBA#2784","points":1,"transactions":{"ZaravelB#3870":1}},"375215699066617856":{"username":"Edward G.#9724","points":1,"transactions":{"Adonis#0277":1}},"311100425971564554":{"username":"kairu#1141","points":1,"transactions":{"CaffeinatedKeys#3122":1}},"590979556479860761":{"username":"nornlaker#7682","points":2,"transactions":{"Catsy#0222":1,"V N C#7837":1}},"572283490989637644":{"username":"CaffeinatedKeys#3122","points":2,"transactions":{"kairu#1141":1,"Adonis#0277":1}},"598842869511356416":{"username":"Kennebee#7025","points":2,"transactions":{"kendrickprayforme#6969":1,"23_SGZ#1572":1}},"756856545882538008":{"username":"Kenken#5388","points":4,"transactions":{"cyrus | WHERE'S THE LAMB SAUCE??#7461":1,"siaoru#5412":1,"Xifi.1923#1412":1,"tz#8142":1}},"176528667768389632":{"username":"kyle#7936","points":9,"transactions":{"Akda#4658":1,"Adonis#0277":1,"Vicks Sotto#3316":1,"Penggu#0824":1,"tz#8142":1,"ethunn#6921":1,"anya-re#7863":1,"kani#5652":1,"Yoojin#1129":1}},"690874974474338385":{"username":"V N C#7837","points":8,"transactions":{"Igniter`#0001":1,"NotYin#4975":1,"nornlaker#7682":1,"ejcm#8948":1,"Yuka#8311":1,"MegaHurtzz#0736":1,"Nayzjuan#0007":1,"dumbothedog#2798":1}},"708850006802563092":{"username":"Tito Boy#5576","points":2,"transactions":{"SleepingLion#5070":1,"PurpleFajitas219#1615":1}},"910114738023858206":{"username":"leikz14#1282","points":2,"transactions":{"shinsha#9843":1,"Llyan#0900":1}},"223739366747537408":{"username":"Ziggy#5251","points":3,"transactions":{"Kazumi#2480":1,"Akda#4658":1,"ed#4131":1}},"489516317716643881":{"username":"Geyla#5342","points":1,"transactions":{"mekakiboo#1262":1}},"205182957495779328":{"username":"Nightly#1352","points":1,"transactions":{"cyrus | WHERE'S THE LAMB SAUCE??#7461":1}},"573846602205102089":{"username":"k4lachuchi#6062","points":2,"transactions":{"01sam#7386":1,"Tophrii#0192":1}},"615203230023942157":{"username":"Joshua Rivera#4006","points":1,"transactions":{"torrelon22#6095":1}},"332856056625496064":{"username":"komz#6070","points":1,"transactions":{"dciruela#4926":1}},"155407546880884737":{"username":"NotYin#4975","points":9,"transactions":{"V N C#7837":1,"Adonis#0277":1,"doctorbill#2369":1,"Crisustimooo#1345":1,"ango#7599":1,"oyeblue#4531":1,"Father Bruno#9378":1,"ed#4131":1,"zev#3528":1}},"708605565219373088":{"username":"chocovy#0153","points":1,"transactions":{"Vicks Sotto#3316":1}},"399530591068094464":{"username":"Lenibro#9757","points":4,"transactions":{"jaxxx#1111":1,"Kenri Ang#0211":1,"Hanare#3355":1,"Miggyyo#7958":1}},"396761630479876097":{"username":"[ins] Sn◎Øze 𓂀 |  tD#8888","points":1,"transactions":{"torrelon22#6095":1}},"304928832287145985":{"username":"XIV#4282","points":1,"transactions":{"torrelon22#6095":1}},"548880435896254485":{"username":"FATBOY#7394","points":1,"transactions":{"alderman rune#3229":1}},"684309444028268611":{"username":"Arkansass#0913","points":2,"transactions":{"carlo#9645":1,"bertsilog#5142":1}},"366073994778116099":{"username":"Asphiros#0952","points":1,"transactions":{"Potato fiend#7443":1}},"187409038940569601":{"username":"dreyz#0001","points":2,"transactions":{"doctorbill#2369":1,"Abats#1437":1}},"416585498488864770":{"username":"AlcoholicBabyRage#9492","points":1,"transactions":{"Shimizu#6436":1}},"220195468884312067":{"username":"PurpleFajitas219#1615","points":2,"transactions":{"Tito Boy#5576":1,"Jem#9297":1}},"532546889992896532":{"username":"luiis#6396","points":3,"transactions":{"Bypass1337#7630":1,"bertsilog#5142":1,"Eagle1Bearer#1922":1}},"810515275241619457":{"username":"Polaris#6289","points":2,"transactions":{"carlo#9645":1,"Ｐ Ｅ Ｒ Ｓ Ｅ Ｕ Ｓ#7027":1}},"199890637854736384":{"username":"Crisustimooo#1345","points":2,"transactions":{"NotYin#4975":1,"anya-re#7863":1}},"423862594500165633":{"username":"mmmmmm#7905","points":7,"transactions":{"mekakiboo#1262":1,"josephg#5964":1,"K1K0LAST#9750":1,"yakyak#6609":1,"stellaidoscope#0666":1,"Bypass1337#7630":1,"sayowan#6070":1}},"355926395618328577":{"username":"Genie#6347","points":2,"transactions":{"mekakiboo#1262":1,"torrelon22#6095":1}},"444344525717241857":{"username":"Melownade#1010","points":3,"transactions":{"Doc J#0720":1,"adii#1225":1,"desuchaaan#1219":1}},"293622249024651264":{"username":"asher#1631","points":2,"transactions":{"mekakiboo#1262":1,"Hikchi#0883":1}},"299944100101226496":{"username":"josephg#5964","points":3,"transactions":{"mmmmmm#7905":1,"K1K0LAST#9750":1,".Levin#0947":1}},"706237657537052802":{"username":"Jaspermatozoa#1547","points":3,"transactions":{"doctorbill#2369":1,"IN MY FLOP ERA#2454":1,"stellaidoscope#0666":1}},"717379920837345291":{"username":"XCLSIV#8245","points":2,"transactions":{"cyrus | WHERE'S THE LAMB SAUCE??#7461":1,"shinsha#9843":1}},"467235110119407617":{"username":"Rice#6066","points":1,"transactions":{"Miggyyo#7958":1}},"388268939525750784":{"username":"Miggyyo#7958","points":6,"transactions":{"Rice#6066":1,"kendrickprayforme#6969":1,"ayna#5167":1,"p0l#7346":1,"Lenibro#9757":1,"doctorbill#2369":1}},"825353269252456468":{"username":"Chaking#8945","points":1,"transactions":{"kendrickprayforme#6969":1}},"277069441634795520":{"username":"mcnugget#2086","points":4,"transactions":{"AA—#3968":1,"Justin7#3223":1,"radl17#3437":1,"IN MY FLOP ERA#2454":1}},"244785431793762304":{"username":"Ewik#5527","points":1,"transactions":{"mekakiboo#1262":1}},"546600033894662145":{"username":"Kenri Ang#0211","points":1,"transactions":{"Lenibro#9757":1}},"604946559683133440":{"username":"adii#1225","points":5,"transactions":{"Lien Leinad#7576":1,"realJames#4182":1,"Melownade#1010":1,"TufoChenne#8083":1,"Anj#2225":1}},"188305430269657088":{"username":"Lien Leinad#7576","points":3,"transactions":{"adii#1225":1,"Zardous#0001":1,"lowiz#9613":1}},"234148314319159306":{"username":"Antwan#8916","points":3,"transactions":{"neyyy#7534":1,"cyrus | WHERE'S THE LAMB SAUCE??#7461":1,"torrelon22#6095":1}},"341303439860432916":{"username":"neyyy#7534","points":1,"transactions":{"Antwan#8916":1}},"225577759487819776":{"username":"Nayzjuan#0007","points":1,"transactions":{"V N C#7837":1}},"330975543556046862":{"username":"nuki#1927","points":5,"transactions":{"JayC#4364":1,"anya-re#7863":1,"stellaidoscope#0666":1,"Khairon#3211":1,"migfernando#2194":1}},"857817871769796618":{"username":"JayC#4364","points":1,"transactions":{"nuki#1927":1}},"663941813098512387":{"username":"Step-Bro#4980","points":1,"transactions":{"Bypass1337#7630":1}},"748844224593657908":{"username":"ayna#5167","points":1,"transactions":{"Miggyyo#7958":1}},"275474719493586945":{"username":"Kumonryu#9974","points":1,"transactions":{"siaoru#5412":1}},"434685589476999199":{"username":"Zardous#0001","points":1,"transactions":{"Lien Leinad#7576":1}},"296953538188410881":{"username":"Hanare#3355","points":1,"transactions":{"Lenibro#9757":1}},"758956914381553665":{"username":"tz#8142","points":17,"transactions":{"Procaffinatorrrr#1299":2,"Kenken#5388":1,".Levin#0947":1,"bertsilog#5142":3,"Abats#1437":1,"Calm Refridgerator#9254":1,"Sam Buddy#8222":1,"kyle#7936":1,"Roopickle#1944":1,"MegaHurtzz#0736":1,"2Dirty4Du30#3777":2,"Pancake#1307":1,"anya-re#7863":1}},"585381186596241419":{"username":"shifty#0975","points":1,"transactions":{"torrelon22#6095":1}},"213889451389222912":{"username":"banbu#3890","points":1,"transactions":{"desuchaaan#1219":1}},"379952697551355905":{"username":"pochachot#9041","points":1,"transactions":{"Hatcheco#1411":1}},"87117013293473792":{"username":"odsch#8402","points":1,"transactions":{"Deleted User#0000":1}},"186443452030910464":{"username":"the OG#7372","points":1,"transactions":{"Ewik#5527":1}},"311503598536228864":{"username":"Justin7#3223","points":3,"transactions":{"Deleted User#0000":1,"mcnugget#2086":1,"cee#1775":1}},"438289676390891521":{"username":"Xifi.1923#1412","points":6,"transactions":{"Kenken#5388":1,"fx#6143":1,"smileinium#6333":1,"torrelon22#6095":1,"anya-re#7863":1,"MegaHurtzz#0736":1}},"751074932640841759":{"username":"Anj#2225","points":1,"transactions":{"adii#1225":1}},"311929552479846410":{"username":"bearista#9037","points":1,"transactions":{"sayowan#6070":1}},"341566932513718283":{"username":"IN MY FLOP ERA#2454","points":8,"transactions":{"Jaspermatozoa#1547":1,"TufoChenne#8083":1,"leetardxd#7731":1,"Kronus#3568":1,"Eagle1Bearer#1922":1,"mcnugget#2086":1,"GHOST#3858":1,"Jem#9297":1}},"680574695455588355":{"username":"Ry#5553","points":2,"transactions":{"benedict#9292":1,"Jem#9297":1}},"322911098640793601":{"username":"les#5739","points":3,"transactions":{"pokpok#4250":1,"sayowan#6070":1,"Deleted User#0000":1}},"194766661088182272":{"username":"nootnoot#4469","points":1,"transactions":{"bertsilog#5142":1}},"745673123931881482":{"username":"lowiz#9613","points":1,"transactions":{"Lien Leinad#7576":1}},"823115919222898688":{"username":"Izuna#9759","points":2,"transactions":{"Eagle1Bearer#1922":1,"蘇善養#5364":1}},"701391610809942067":{"username":"eron#0300","points":2,"transactions":{"doctorbill#2369":1,"benedict#9292":1}},"479618346346741760":{"username":"Jem#9297","points":8,"transactions":{"Ｐ Ｅ Ｒ Ｓ Ｅ Ｕ Ｓ#7027":1,"radl17#3437":1,"Griffin#5687":1,"eron#2608":1,"M34#0615":1,"Kronus#3568":1,"benedict#9292":1,"IN MY FLOP ERA#2454":1}},"746399088769105942":{"username":"toblairon#0370","points":1,"transactions":{"MKB_Usagi#7777":1}},"366907890633801728":{"username":"yakyak#6609","points":2,"transactions":{"mmmmmm#7905":1,"Griffin#5687":1}},"709242634803085392":{"username":"Yor#2597","points":1,"transactions":{"fullmetal#8916":1}},"743864222399725699":{"username":"fullmetal#8916","points":1,"transactions":{"Yor#2597":1}},"320808557077463041":{"username":"fx#6143","points":1,"transactions":{"Xifi.1923#1412":1}},"575308763356200970":{"username":"leetardxd#7731","points":1,"transactions":{"IN MY FLOP ERA#2454":1}},"517351647144574996":{"username":"Calm Refridgerator#9254","points":1,"transactions":{"tz#8142":1}},"330894029182992384":{"username":"toyota#2966","points":1,"transactions":{"TufoChenne#8083":1}},"399180557315211264":{"username":"Vito#6381","points":1,"transactions":{"donyel#7665":1}},"251601796932304896":{"username":"Dottdott#4562","points":1,"transactions":{"siaoru#5412":1}},"672842067298353154":{"username":"Tofu#3332","points":1,"transactions":{"Kronus#3568":1}},"272368314989412352":{"username":"Hakama#4206","points":1,"transactions":{"Griffin#5687":1}},"568264481768210442":{"username":"HJ#1356","points":1,"transactions":{"pokpok#4250":1}},"747768649191784448":{"username":"Dreed#9821","points":1,"transactions":{"Shimizu#6436":1}},"691288912815194132":{"username":"darkchocolate#0764","points":1,"transactions":{"Catsy#0222":1}},"544511556302536704":{"username":"Khairon#3211","points":2,"transactions":{"Sam Buddy#8222":1,"nuki#1927":1}},"688324050740707364":{"username":"M34#0615","points":4,"transactions":{"Jem#9297":1,"Abats#1437":1,"jelo28#4234":1,"anya-re#7863":1}},"217248102552305664":{"username":"ymaaan#2128","points":1,"transactions":{"CSamoy#2518":1}},"565871566055800852":{"username":"decaug#3142","points":1,"transactions":{"Jem#9297":1}},"486491673053102082":{"username":"2Dirty4Du30#3777","points":1,"transactions":{"tz#8142":1}},"224135034372751360":{"username":"GHOST#3858","points":1,"transactions":{"IN MY FLOP ERA#2454":1}},"123004570342260736":{"username":"gehenna#3458","points":1,"transactions":{"Hikchi#0883":1}},"360846728628404245":{"username":"LeonCielo#9808","points":1,"transactions":{"Adolf the White#8954":1}},"234565063506132994":{"username":"神 Jon#8533","points":1,"transactions":{"anya-re#7863":1}},"204908693836267520":{"username":"Mana#7753","points":1,"transactions":{"Rapsquared#5925":1}},"701418976504315924":{"username":"jelo28#4234","points":1,"transactions":{"M34#0615":1}},"767111974676463616":{"username":"famousa_#0423","points":1,"transactions":{"donyel#7665":1}},"223415774423810048":{"username":"neegool#8559","points":1,"transactions":{"gegokeebs#0001":1}},"804245988293869628":{"username":"softea#0547","points":2,"transactions":{"leetardxd#7731":1,"Kensuu#0023":1}},"358873404700360718":{"username":"Yoojin#1129","points":1,"transactions":{"kyle#7936":1}},"438336317202628619":{"username":"pogiboiboi#3421","points":1,"transactions":{"Jeekstapose#8975":1}},"77273870070976512":{"username":"Jeekstapose#8975","points":3,"transactions":{"pogiboiboi#3421":1,"kani#5652":1,"dei#2789":1}},"265286966164193281":{"username":"WetRamen#0110","points":1,"transactions":{"Bearr#3973":1}},"706845993508929547":{"username":"Bearr#3973","points":1,"transactions":{"WetRamen#0110":1}},"546545720858116100":{"username":"1337th#3050","points":1,"transactions":{"Eagle1Bearer#1922":1}},"196499758867546113":{"username":"Erb#4577","points":1,"transactions":{"AngryMango#0001":1}},"216935214302101504":{"username":"AngryMango#0001","points":1,"transactions":{"Erb#4577":1}},"324504760927387649":{"username":"Y0DA#9545","points":1,"transactions":{"Bypass1337#7630":1}},"345134255376039957":{"username":"Juicy#1027","points":1,"transactions":{"Altamont#8532":1}},"885187596861444168":{"username":"neal_sy#1364","points":1,"transactions":{"JL#5704":1}},"234259595604787201":{"username":"Combofiend#7377","points":1,"transactions":{"Gadhelix#2809":1}},"508391840525975553":{"username":"Tickets#6981","points":1,"transactions":{"kurlie#3479":1}},"507204150988242964":{"username":"tempoora#9032","points":1,"transactions":{"MP#9753":1}},"498116616337489920":{"username":"hotsows#0713","points":1,"transactions":{"BanTheChiang#0504":1}},"247036897157709834":{"username":"Mogwin#8513","points":1,"transactions":{"Onion Has Eeyo#6151":1}}}}